EmployeeID,FirstName,LastName,JobRole
1,David,Jones,Veterinarian
2,John,Smith,Manager
3,William,Brown,Zookeeper
4,John,Johnson,Zookeeper
5,James,Brown,Trainer
6,John,Miller,Manager
7,Sarah,Williams,Nutritionist
8,Jessica,Davis,Manager
9,Jane,Johnson,Nutritionist
10,James,Martinez,Zookeeper
11,John,Davis,Veterinarian
12,Emily,Smith,Nutritionist
13,John,Williams,Nutritionist
14,Jessica,Davis,Veterinarian
15,Sarah,Martinez,Veterinarian
16,Michael,Jones,Trainer
17,Sarah,Garcia,Trainer
18,Sarah,Garcia,Nutritionist
19,Emily,Martinez,Zookeeper
20,David,Garcia,Trainer
21,John,Martinez,Manager
22,James,Johnson,Trainer
23,Michael,Brown,Nutritionist
24,Jane,Smith,Nutritionist
25,Emily,Rodriguez,Manager
26,David,Miller,Nutritionist
27,Jane,Davis,Manager
28,John,Davis,Trainer
29,Emily,Miller,Nutritionist
30,David,Martinez,Zookeeper
31,Sarah,Johnson,Trainer
32,John,Rodriguez,Trainer
33,Jessica,Davis,Zookeeper
34,Ashley,Brown,Trainer
35,Emily,Davis,Manager
36,William,Johnson,Trainer
37,Sarah,Williams,Trainer
38,Sarah,Miller,Zookeeper
39,William,Martinez,Manager
40,John,Smith,Zookeeper
41,Jane,Davis,Veterinarian
42,Sarah,Brown,Trainer
43,Michael,Martinez,Zookeeper
44,Jane,Smith,Manager
45,Sarah,Williams,Zookeeper
46,Michael,Jones,Zookeeper
47,Michael,Rodriguez,Trainer
48,Michael,Miller,Zookeeper
49,Emily,Jones,Zookeeper
50,Sarah,Williams,Manager
51,Emily,Davis,Manager
52,Jane,Williams,Veterinarian
53,Sarah,Garcia,Nutritionist
54,Ashley,Smith,Manager
55,Ashley,Jones,Zookeeper
56,John,Miller,Manager
57,Jessica,Davis,Zookeeper
58,Jane,Miller,Manager
59,Emily,Brown,Trainer
60,Emily,Smith,Trainer
61,William,Miller,Manager
62,Sarah,Rodriguez,Zookeeper
63,Sarah,Garcia,Zookeeper
64,Emily,Brown,Zookeeper
65,David,Brown,Veterinarian
66,Jane,Johnson,Veterinarian
67,Sarah,Miller,Manager
68,Emily,Williams,Manager
69,William,Johnson,Manager
70,William,Rodriguez,Manager
71,Sarah,Smith,Manager
72,Jane,Jones,Nutritionist
73,Jessica,Rodriguez,Trainer
74,John,Garcia,Trainer
75,Jessica,Garcia,Manager
76,Sarah,Smith,Nutritionist
77,Sarah,Jones,Nutritionist
78,Emily,Johnson,Trainer
79,Sarah,Jones,Zookeeper
80,Jane,Brown,Zookeeper
81,Jane,Johnson,Veterinarian
82,Michael,Johnson,Zookeeper
83,Jane,Smith,Zookeeper
84,Sarah,Garcia,Nutritionist
85,Sarah,Williams,Veterinarian
86,Jane,Martinez,Nutritionist
87,William,Rodriguez,Manager
88,Ashley,Davis,Nutritionist
89,David,Brown,Veterinarian
90,William,Miller,Veterinarian
91,James,Jones,Zookeeper
92,Jane,Davis,Nutritionist
93,Sarah,Jones,Nutritionist
94,John,Smith,Nutritionist
95,James,Jones,Trainer
96,James,Brown,Zookeeper
97,Michael,Smith,Veterinarian
98,David,Martinez,Nutritionist
99,Jane,Williams,Manager
100,Emily,Martinez,Manager
101,Michael,Martinez,Manager
102,Emily,Miller,Manager
103,Emily,Brown,Veterinarian
104,Ashley,Smith,Trainer
105,Emily,Williams,Trainer
106,Ashley,Williams,Manager
107,William,Williams,Manager
108,Jane,Brown,Trainer
109,James,Smith,Trainer
110,James,Brown,Trainer
111,Sarah,Davis,Manager
112,Jane,Williams,Zookeeper
113,Jessica,Brown,Veterinarian
114,David,Brown,Manager
115,David,Davis,Zookeeper
116,Michael,Brown,Veterinarian
117,John,Smith,Veterinarian
118,James,Garcia,Nutritionist
119,Emily,Brown,Zookeeper
120,David,Smith,Trainer
121,James,Davis,Manager
122,Michael,Smith,Manager
123,Michael,Williams,Nutritionist
124,Michael,Rodriguez,Nutritionist
125,Sarah,Williams,Zookeeper
126,Jessica,Garcia,Zookeeper
127,Jessica,Smith,Trainer
128,Emily,Rodriguez,Trainer
129,William,Brown,Manager
130,William,Garcia,Veterinarian
131,Emily,Garcia,Trainer
132,David,Miller,Trainer
133,Michael,Williams,Manager
134,David,Jones,Veterinarian
135,Jessica,Jones,Nutritionist
136,James,Garcia,Trainer
137,Emily,Brown,Zookeeper
138,Ashley,Martinez,Veterinarian
139,David,Smith,Zookeeper
140,Sarah,Garcia,Veterinarian
141,Emily,Smith,Veterinarian
142,William,Johnson,Veterinarian
143,Jane,Garcia,Nutritionist
144,Emily,Martinez,Veterinarian
145,Jane,Smith,Manager
146,Jessica,Jones,Manager
147,Michael,Martinez,Nutritionist
148,John,Williams,Manager
149,Sarah,Garcia,Veterinarian
150,Emily,Jones,Nutritionist
151,James,Johnson,Manager
152,Jane,Brown,Veterinarian
153,Emily,Jones,Trainer
154,William,Garcia,Manager
155,Jessica,Johnson,Trainer
156,Ashley,Brown,Trainer
157,David,Martinez,Zookeeper
158,Jane,Davis,Veterinarian
159,John,Davis,Trainer
160,David,Brown,Zookeeper
161,James,Brown,Zookeeper
162,Michael,Brown,Zookeeper
163,David,Davis,Veterinarian
164,Jessica,Jones,Zookeeper
165,Ashley,Rodriguez,Zookeeper
166,James,Jones,Nutritionist
167,David,Jones,Nutritionist
168,William,Williams,Nutritionist
169,William,Rodriguez,Zookeeper
170,David,Johnson,Manager
171,Jane,Martinez,Manager
172,John,Williams,Zookeeper
173,Jessica,Jones,Veterinarian
174,Jane,Williams,Veterinarian
175,Michael,Davis,Zookeeper
176,David,Jones,Manager
177,Emily,Williams,Zookeeper
178,David,Rodriguez,Nutritionist
179,Michael,Johnson,Veterinarian
180,Michael,Martinez,Veterinarian
181,Jessica,Brown,Nutritionist
182,Ashley,Garcia,Veterinarian
183,Michael,Jones,Veterinarian
184,Jane,Williams,Trainer
185,Michael,Miller,Zookeeper
186,James,Jones,Manager
187,Emily,Johnson,Trainer
188,William,Garcia,Manager
189,Ashley,Garcia,Veterinarian
190,Jane,Miller,Manager
191,Ashley,Jones,Veterinarian
192,William,Smith,Nutritionist
193,Sarah,Brown,Trainer
194,John,Rodriguez,Zookeeper
195,Jane,Davis,Manager
196,James,Johnson,Veterinarian
197,Michael,Johnson,Veterinarian
198,Ashley,Miller,Trainer
199,William,Brown,Zookeeper
200,Michael,Smith,Veterinarian
201,Michael,Martinez,Zookeeper
202,Ashley,Martinez,Manager
203,William,Jones,Manager
204,Michael,Rodriguez,Zookeeper
205,Sarah,Williams,Nutritionist
206,Michael,Martinez,Manager
207,John,Miller,Trainer
208,James,Johnson,Nutritionist
209,Ashley,Smith,Veterinarian
210,Jane,Garcia,Zookeeper
211,David,Johnson,Nutritionist
212,Jane,Brown,Manager
213,Ashley,Rodriguez,Nutritionist
214,Sarah,Martinez,Manager
215,James,Brown,Trainer
216,William,Garcia,Trainer
217,James,Rodriguez,Manager
218,Michael,Miller,Nutritionist
219,Ashley,Rodriguez,Trainer
220,David,Rodriguez,Zookeeper
221,Jessica,Miller,Manager
222,Sarah,Davis,Zookeeper
223,Michael,Rodriguez,Zookeeper
224,Emily,Jones,Trainer
225,Emily,Miller,Manager
226,Jessica,Smith,Manager
227,William,Garcia,Nutritionist
228,Sarah,Williams,Zookeeper
229,Michael,Garcia,Zookeeper
230,John,Johnson,Zookeeper
231,James,Jones,Veterinarian
232,John,Jones,Veterinarian
233,James,Williams,Manager
234,David,Brown,Zookeeper
235,James,Rodriguez,Nutritionist
236,John,Davis,Manager
237,Michael,Brown,Veterinarian
238,Jane,Brown,Manager
239,Emily,Rodriguez,Manager
240,Sarah,Williams,Manager
241,Michael,Martinez,Nutritionist
242,David,Johnson,Zookeeper
243,Ashley,Jones,Zookeeper
244,James,Miller,Trainer
245,James,Rodriguez,Zookeeper
246,Jane,Williams,Trainer
247,Sarah,Garcia,Trainer
248,Michael,Williams,Manager
249,William,Smith,Veterinarian
250,James,Rodriguez,Nutritionist
251,James,Brown,Zookeeper
252,Ashley,Davis,Manager
253,James,Davis,Veterinarian
254,Emily,Miller,Manager
255,Michael,Miller,Zookeeper
256,William,Johnson,Veterinarian
257,John,Martinez,Trainer
258,Sarah,Johnson,Nutritionist
259,James,Davis,Zookeeper
260,James,Brown,Zookeeper
261,William,Miller,Nutritionist
262,William,Rodriguez,Veterinarian
263,Jessica,Martinez,Zookeeper
264,William,Martinez,Zookeeper
265,John,Martinez,Trainer
266,John,Rodriguez,Zookeeper
267,Emily,Johnson,Veterinarian
268,James,Davis,Zookeeper
269,Sarah,Williams,Manager
270,William,Garcia,Trainer
271,Jane,Brown,Nutritionist
272,John,Rodriguez,Zookeeper
273,John,Garcia,Nutritionist
274,Jane,Brown,Zookeeper
275,Sarah,Johnson,Nutritionist
276,Ashley,Rodriguez,Zookeeper
277,Sarah,Garcia,Veterinarian
278,Michael,Jones,Veterinarian
279,Jane,Johnson,Zookeeper
280,Emily,Rodriguez,Zookeeper
281,Jessica,Brown,Trainer
282,Emily,Miller,Nutritionist
283,Sarah,Smith,Zookeeper
284,Emily,Davis,Veterinarian
285,David,Garcia,Nutritionist
286,William,Johnson,Trainer
287,Michael,Johnson,Veterinarian
288,Jane,Miller,Trainer
289,James,Garcia,Manager
290,Jane,Martinez,Trainer
291,Emily,Smith,Zookeeper
292,John,Miller,Nutritionist
293,Jane,Miller,Nutritionist
294,James,Garcia,Trainer
295,Emily,Williams,Trainer
296,James,Davis,Trainer
297,Michael,Brown,Nutritionist
298,Jessica,Miller,Manager
299,Jane,Williams,Trainer
300,Jessica,Johnson,Manager
301,James,Davis,Manager
302,James,Johnson,Trainer
303,Sarah,Miller,Nutritionist
304,James,Brown,Veterinarian
305,Ashley,Williams,Veterinarian
306,Jessica,Miller,Nutritionist
307,Sarah,Johnson,Zookeeper
308,Jessica,Miller,Trainer
309,James,Rodriguez,Zookeeper
310,William,Garcia,Zookeeper
311,David,Williams,Nutritionist
312,Emily,Williams,Veterinarian
313,James,Jones,Zookeeper
314,Michael,Miller,Manager
315,Ashley,Smith,Trainer
316,Jane,Smith,Zookeeper
317,David,Davis,Zookeeper
318,Michael,Martinez,Nutritionist
319,Sarah,Rodriguez,Trainer
320,John,Martinez,Veterinarian
321,William,Smith,Manager
322,William,Martinez,Zookeeper
323,William,Brown,Trainer
324,James,Garcia,Nutritionist
325,Jane,Martinez,Nutritionist
326,Emily,Garcia,Nutritionist
327,John,Martinez,Veterinarian
328,John,Rodriguez,Nutritionist
329,Emily,Davis,Manager
330,James,Johnson,Trainer
331,Jane,Davis,Trainer
332,Jane,Jones,Trainer
333,David,Davis,Manager
334,William,Rodriguez,Manager
335,William,Brown,Trainer
336,Sarah,Johnson,Manager
337,John,Jones,Zookeeper
338,John,Williams,Manager
339,James,Rodriguez,Zookeeper
340,Jane,Garcia,Manager
341,James,Brown,Veterinarian
342,John,Martinez,Zookeeper
343,David,Garcia,Zookeeper
344,Michael,Garcia,Trainer
345,Sarah,Williams,Trainer
346,David,Johnson,Nutritionist
347,Jessica,Martinez,Manager
348,William,Davis,Zookeeper
349,Jane,Williams,Trainer
350,John,Garcia,Manager
351,Ashley,Smith,Manager
352,Emily,Martinez,Manager
353,Michael,Rodriguez,Nutritionist
354,John,Miller,Nutritionist
355,Ashley,Miller,Nutritionist
356,Michael,Garcia,Veterinarian
357,Emily,Brown,Nutritionist
358,Michael,Jones,Trainer
359,Emily,Miller,Manager
360,James,Garcia,Trainer
361,Michael,Miller,Trainer
362,Michael,Miller,Nutritionist
363,Emily,Rodriguez,Nutritionist
364,Michael,Williams,Manager
365,Emily,Martinez,Manager
366,Sarah,Smith,Nutritionist
367,Michael,Garcia,Manager
368,Ashley,Rodriguez,Veterinarian
369,Jane,Williams,Nutritionist
370,David,Martinez,Zookeeper
371,Jane,Jones,Zookeeper
372,Sarah,Johnson,Nutritionist
373,John,Smith,Manager
374,Emily,Davis,Zookeeper
375,William,Smith,Nutritionist
376,James,Johnson,Manager
377,Michael,Brown,Nutritionist
378,David,Johnson,Veterinarian
379,Emily,Johnson,Trainer
380,Ashley,Garcia,Veterinarian
381,William,Davis,Nutritionist
382,Jessica,Jones,Zookeeper
383,Sarah,Jones,Zookeeper
384,William,Johnson,Zookeeper
385,Michael,Miller,Trainer
386,Ashley,Rodriguez,Nutritionist
387,James,Williams,Manager
388,Sarah,Williams,Nutritionist
389,David,Miller,Trainer
390,Ashley,Johnson,Veterinarian
391,James,Smith,Trainer
392,Jessica,Martinez,Veterinarian
393,Jane,Martinez,Nutritionist
394,Jane,Martinez,Veterinarian
395,Jane,Jones,Veterinarian
396,Sarah,Jones,Nutritionist
397,Ashley,Johnson,Veterinarian
398,Ashley,Smith,Zookeeper
399,Ashley,Garcia,Trainer
400,Jessica,Miller,Nutritionist
401,Jessica,Jones,Veterinarian
402,Jessica,Davis,Nutritionist
403,William,Smith,Manager
404,William,Johnson,Veterinarian
405,David,Jones,Veterinarian
406,John,Williams,Manager
407,Emily,Jones,Zookeeper
408,Jane,Johnson,Nutritionist
409,Michael,Johnson,Nutritionist
410,James,Smith,Manager
411,William,Smith,Trainer
412,Jessica,Rodriguez,Veterinarian
413,Emily,Brown,Veterinarian
414,John,Jones,Zookeeper
415,John,Miller,Nutritionist
416,Sarah,Williams,Zookeeper
417,William,Smith,Veterinarian
418,Ashley,Davis,Trainer
419,Jane,Martinez,Trainer
420,Emily,Rodriguez,Veterinarian
421,Michael,Brown,Zookeeper
422,John,Johnson,Trainer
423,Michael,Johnson,Zookeeper
424,Jessica,Rodriguez,Manager
425,Ashley,Martinez,Trainer
426,John,Brown,Manager
427,Ashley,Rodriguez,Trainer
428,William,Brown,Nutritionist
429,Jane,Brown,Nutritionist
430,Ashley,Smith,Trainer
431,John,Martinez,Nutritionist
432,Sarah,Miller,Zookeeper
433,Jane,Martinez,Veterinarian
434,David,Martinez,Manager
435,Jane,Rodriguez,Nutritionist
436,William,Smith,Nutritionist
437,David,Brown,Nutritionist
438,James,Smith,Manager
439,David,Smith,Nutritionist
440,Jane,Williams,Veterinarian
441,William,Jones,Manager
442,Ashley,Williams,Veterinarian
443,James,Davis,Veterinarian
444,Jane,Brown,Veterinarian
445,Jessica,Miller,Zookeeper
446,Sarah,Martinez,Nutritionist
447,Jane,Johnson,Veterinarian
448,William,Martinez,Zookeeper
449,Ashley,Smith,Manager
450,Jane,Rodriguez,Zookeeper
451,James,Miller,Veterinarian
452,Ashley,Brown,Manager
453,Ashley,Rodriguez,Zookeeper
454,Emily,Davis,Zookeeper
455,Ashley,Rodriguez,Manager
456,Michael,Miller,Nutritionist
457,John,Martinez,Veterinarian
458,Jane,Brown,Zookeeper
459,Ashley,Williams,Veterinarian
460,Jessica,Davis,Trainer
461,Emily,Miller,Trainer
462,William,Rodriguez,Nutritionist
463,John,Brown,Zookeeper
464,David,Davis,Trainer
465,Michael,Garcia,Trainer
466,John,Smith,Manager
467,Jane,Johnson,Trainer
468,Jane,Williams,Nutritionist
469,Sarah,Miller,Trainer
470,James,Garcia,Manager
471,David,Williams,Manager
472,Michael,Jones,Veterinarian
473,Sarah,Jones,Trainer
474,John,Rodriguez,Veterinarian
475,Ashley,Smith,Trainer
476,Jane,Martinez,Trainer
477,John,Johnson,Nutritionist
478,John,Brown,Nutritionist
479,Emily,Jones,Nutritionist
480,James,Smith,Nutritionist
481,Emily,Smith,Veterinarian
482,James,Jones,Veterinarian
483,James,Martinez,Zookeeper
484,David,Miller,Manager
485,Jessica,Garcia,Trainer
486,James,Williams,Trainer
487,Emily,Martinez,Nutritionist
488,Emily,Williams,Nutritionist
489,William,Brown,Nutritionist
490,Jane,Williams,Veterinarian
491,James,Garcia,Manager
492,Ashley,Jones,Manager
493,William,Williams,Manager
494,Michael,Smith,Manager
495,Jessica,Johnson,Trainer
496,Emily,Davis,Zookeeper
497,James,Johnson,Nutritionist
498,Michael,Williams,Trainer
499,David,Williams,Manager
500,John,Smith,Manager
